Name Ship to,Ship to party,Total Cost,Min,Max
Fakultná nemocnica s poliklinikou,507147705,2415.800000000002,0.44,521.552
LEONESS s.r.o.,507149368,5622.180000000006,0.117,3528.414
